Date,Temperature_C,Precipitation_mm,NDVI,NDWI
2023-01-03,10.081119081142914,0.22299927217177742,0.4235615889882714,-0.45504613798583515
2023-01-04,11.348800053487317,0.00568279602088685,0.4288582449702106,-0.4589874629535368
2023-01-05,11.57776156127,0.003308763019462457,0.43415490095214976,-0.46292878792123854
2023-01-06,10.489650371056507,0.0009445742342148097,0.43945155693408894,-0.4668701128889402
2023-01-07,9.571314044399127,0.00527141333069121,0.4447482129160281,-0.4708114378566419
2023-01-08,9.907685530762047,2.9928915600740273,0.4500448688979673,-0.4747527628243436
2023-01-09,12.131670880499708,8.270238942692798,0.4553415248799065,-0.47869408779204525
2023-01-10,12.865877461130092,0.006066319494358273,0.46063818086184566,-0.482635412759747
2023-01-11,10.864450653697423,0.45702823700795653,0.46593483684378484,-0.48657673772744864
2023-01-12,11.441071797145252,0.025175523211937823,0.471231492825724,-0.49051806269515036
2023-01-13,11.273694475673866,0.0022253462035424832,0.4765281488076632,-0.494459387662852
2023-01-14,10.505920612053739,0.0008690903204997988,0.4833007261267316,-0.5005632895286437
2023-01-15,9.72710278440677,0.008530610850221951,0.4900733034457999,-0.5066671913944355
2023-01-16,8.729057582826128,0.9723044953619255,0.49684588076486824,-0.5127710932602272
2023-01-17,8.738391570462557,21.73835764849237,0.5036184580839367,-0.5188749951260189
2023-01-18,8.111113820549194,7.712123070959405,0.510391035403005,-0.5249788969918106
2023-01-19,6.182169226532392,0.018754737909551067,0.5171636127220733,-0.5310827988576023
2023-01-20,6.436779487163378,0.10195933797038255,0.5239361900411417,-0.537186700723394
2023-01-21,9.89420402953948,4.455686138684114,0.53070876736021,-0.5432906025891857
2023-01-22,9.477586187115179,0.37673959750255553,0.5374813446792784,-0.5493945044549775
2023-01-23,6.111998862346646,0.0008612871056357108,0.5442539219983468,-0.5554984063207692
2023-01-24,4.252953289119354,1.5675911920558063,0.5431524923362733,-0.5558648225660425
2023-01-25,4.789907393322064,0.31571188035590214,0.5420510626741998,-0.5562312388113159
2023-01-26,4.375584526159093,2.5476713081341154,0.5409496330121262,-0.5565976550565892
2023-01-27,5.470657668950925,14.22251144429205,0.5398482033500527,-0.5569640713018625
2023-01-28,4.011988527720225,3.5988638873660244,0.5387467736879792,-0.5573304875471358
2023-01-29,4.292046707580446,0.0365614850460838,0.5376453440259057,-0.5576969037924091
2023-01-30,5.867570341270424,0.2347667863072282,0.5365439143638322,-0.5580633200376824
2023-01-31,6.947965233683927,0.002583253491617795,0.5354424847017586,-0.5584297362829558
2023-02-01,6.418647475885697,0.0028124877943122802,0.5343410550396851,-0.5587961525282291
2023-02-02,6.607352002947096,0.0030287349383402115,0.5332396253776116,-0.5591625687735025
2023-02-03,7.7303241351178835,3.351055028784366e-05,0.5269238235003539,-0.5542219325158578
2023-02-04,8.10235981734961,0.0,0.5206080216230963,-0.5492812962582133
2023-02-05,9.190732703560823,0.002037498202020885,0.5142922197458385,-0.5443406600005687
2023-02-06,9.26276766265018,0.0020418457289340824,0.5079764178685808,-0.5394000237429242
2023-02-07,8.222204169547616,0.15749367137674783,0.5016606159913232,-0.5344593874852795
2023-02-08,8.238370832292814,0.06922920241113314,0.49771970941966964,-0.5298860290936084
2023-02-09,9.82759531618077,0.011097429249185338,0.4937788028480161,-0.5253126707019373
2023-02-10,9.654568630927123,0.010653761404672469,0.48983789627636265,-0.5207393123102662
2023-02-11,10.558590433251794,0.005695819670164446,0.4858969897047091,-0.5161659539185951
2023-02-12,10.704682549629537,0.7776921032039263,0.4819560831330556,-0.5115925955269239
2023-02-13,11.909628898678854,0.0011030954259042523,0.4780151765614021,-0.5070192371352528
2023-02-14,11.736100954439232,0.6433180410194558,0.47407426998974855,-0.5024458787435817
2023-02-15,11.872004497809588,0.2850292646257913,0.4701333634180951,-0.49787252035191054
2023-02-16,12.788218227900936,0.1292392096424121,0.46619245684644156,-0.49329916196023943
2023-02-17,12.837520726521843,2.9390390137679705,0.46225155027478804,-0.4887258035685683
2023-02-18,14.414706476226137,0.004537555542647725,0.4583106437031345,-0.4841524451768972
2023-02-19,14.9894353492873,0.00418812998693721,0.454369737131481,-0.4795790867852261
2023-02-20,15.516176084950404,0.002955844384113341,0.4504288305598275,-0.4750057283935549
2023-02-21,15.261062916180572,0.04894260568687428,0.446487923988174,-0.4704323700018838
2023-02-22,14.652847695775327,0.002900198136165911,0.44254701741652047,-0.4658590116102127
2023-02-23,12.057679975669817,0.08040102373330811,0.44736288549881287,-0.46976321407793653
2023-02-24,8.466466485331726,7.929879631659482,0.4521787535811053,-0.4736674165456603
2023-02-25,6.455769248166482,25.36838014412328,0.45699462166339777,-0.47757161901338413
2023-02-26,7.801219909124423,15.19888239042228,0.46181048974569017,-0.4814758214811079
2023-02-27,8.457325422369525,5.328897119387467,0.46662635782798256,-0.48538002394883173
2023-02-28,8.99601929545709,4.196976590328232,0.471442225910275,-0.48928422641655556
2023-03-01,7.733797044244448,0.14603715814253188,0.47625809399256747,-0.49318842888427933
2023-03-02,8.283230724771533,4.20285149385001,0.48107396207485986,-0.49709263135200316
2023-03-03,9.780416952623382,0.006929972597262147,0.48588983015715226,-0.5009968338197269
2023-03-04,10.132641212327497,0.0004463977372935693,0.4907056982394447,-0.5049010362874508
2023-03-05,11.051792845592567,0.004107647167418566,0.49552156632173716,-0.5088052387551746
2023-03-06,11.353831537261295,1.1486774703814804,0.5003374344040296,-0.5127094412228984
2023-03-07,13.267106297422625,2.3056913421632066,0.505153302486322,-0.5166136436906221
2023-03-08,14.554701086340392,0.005080434628148709,0.5099691705686145,-0.520517846158346
2023-03-09,13.948586077119883,0.0009128135171932066,0.5147850386509069,-0.5244220486260698
2023-03-10,14.576699291355455,0.0034862346208384912,0.5196009067331993,-0.5283262510937936
2023-03-11,14.729670072754555,0.0013229316646140282,0.5244167748154916,-0.5322304535615174
2023-03-12,16.59462996524105,0.0009385683154831694,0.529232642897784,-0.5361346560292412
2023-03-13,16.0140342479444,0.0016595737502862935,0.5340485109800766,-0.540038858496965
2023-03-14,14.491260178155908,0.11916686095132335,0.538864379062369,-0.5439430609646888
2023-03-15,15.833108302109132,0.001294743841292408,0.536772721418461,-0.5426692463858551
2023-03-16,16.535543331117143,0.0008583068797918258,0.534681063774553,-0.5413954318070214
2023-03-17,13.679366771319476,0.13295509911785727,0.532589406130645,-0.5401216172281877
2023-03-18,12.100624067000783,0.9957901845577629,0.530497748486737,-0.5388478026493541
2023-03-19,12.36138269749612,0.11478903634860085,0.5284060908428291,-0.5375739880705204
2023-03-20,12.711450815564813,0.002067601729787794,0.5271745875480875,-0.5373821869438636
2023-03-21,14.327958910216527,0.0008468753271984042,0.525943084253346,-0.5371903858172068
2023-03-22,15.475139983859089,0.0012917960248159943,0.5247115809586045,-0.5369985846905501
2023-03-23,16.619412023723907,0.0008553265615773853,0.523480077663863,-0.5368067835638932
2023-03-24,15.870966743876945,0.002580177183760657,0.5222485743691214,-0.5366149824372365
2023-03-25,16.307963226163082,0.0008643015121378994,0.5213780080785286,-0.5362586703944395
2023-03-26,17.216470162195126,0.00130666111039915,0.520507441787936,-0.5359023583516425
2023-03-27,17.631792095659986,0.0,0.5196368754973433,-0.5355460463088455
2023-03-28,18.589214851049395,0.0,0.5187663092067505,-0.5351897342660484
2023-03-29,20.095412693557567,0.000852346317969932,0.5178957429161577,-0.5348334222232515
2023-03-30,19.163376904747278,0.0,0.517025176625565,-0.5344771101804545
2023-03-31,18.38523795732106,0.0,0.5161546103349723,-0.5341207981376574
2023-04-01,16.666582602581013,0.0023987107151337123,0.5152840440443796,-0.5337644860948605
2023-04-02,15.824707893196878,0.04283417385103568,0.5144134777537868,-0.5334081740520634
2023-04-03,16.21182776104103,0.0017031849779414188,0.5135429114631941,-0.5330518620092665
2023-04-04,15.414173800830042,0.01941655428354977,0.5070709205493317,-0.5290043156782335
2023-04-05,15.471894010393395,0.02009179300934304,0.5005989296354691,-0.5249567693472006
2023-04-06,16.12137435350105,0.000852346317969932,0.49412693872160673,-0.5209092230161676
2023-04-07,16.8452055962638,0.0008573618401896965,0.48765494780774427,-0.5168616766851347
2023-04-08,17.899775752099135,0.002355843586088626,0.4811829568938818,-0.5128141303541017
2023-04-09,18.576436993547993,0.0012814997489840607,0.4597127822798628,-0.486275385214054
2023-04-10,18.884119492936097,0.000852346317969932,0.4382426076658438,-0.4597366400740062
2023-04-11,19.713247538947595,0.003004073732881807,0.4167724330518247,-0.4331978949339585
2023-04-12,16.575916147596082,5.787492748385452e-05,0.3953022584378057,-0.4066591497939107
2023-04-13,14.682082100982317,0.5245878723741488,0.3738320838237867,-0.380120404653863
2023-04-14,16.113041087143312,0.0007947436612633333,0.3915101904147801,-0.40578055521272394
2023-04-15,17.85189476207319,0.001291331386710226,0.40918829700577347,-0.43144070577158494
2023-04-16,18.862119231090627,0.0008425147370871855,0.4268664035967668,-0.4571008563304459
2023-04-17,19.53805425804083,0.0017801474240416728,0.4445445101877602,-0.4827610068893069
2023-04-18,20.21847065156351,0.22988298058864445,0.4622226167787536,-0.5084211574481678
2023-04-19,18.91771791860958,0.10659417876924553,0.45933320581430637,-0.5067592282678935
2023-04-20,18.707956239346064,0.02323159279714104,0.4564437948498592,-0.5050972990876192
2023-04-21,16.896622462187725,0.5131125905131566,0.45355438388541197,-0.5034353699073449
2023-04-22,17.108787149327412,0.0,0.4506649729209648,-0.5017734407270706
2023-04-23,18.878192884139445,0.0013937249438453268,0.4477755619565176,-0.5001115115467963
2023-04-24,20.619833570096947,0.002131957839575975,0.4448861509920704,-0.49844958236652204
2023-04-25,22.053133821366107,0.0012830369655603135,0.4419967400276232,-0.49678765318624774
2023-04-26,23.52346003971637,0.0,0.439107329063176,-0.49512572400597343
2023-04-27,25.3091780305819,0.0,0.4362179180987288,-0.49346379482569913
2023-04-28,25.5340400424016,0.0292257042218363,0.4333285071342816,-0.4918018656454249
2023-04-29,21.50641808740361,0.014955100576686121,0.4304390961698344,-0.4901399364651506
2023-04-30,20.375222167774638,0.01151227310642996,0.42754968520538716,-0.4884780072848763
2023-05-01,20.602038130626752,0.013727275335916512,0.42466027424094,-0.486816078104602
2023-05-02,23.429871282990064,0.0004351138613856165,0.42177086327649277,-0.4851541489243277
2023-05-03,22.570896642748043,0.0,0.4188814523120456,-0.4834922197440534
2023-05-04,21.309509779175453,0.0015005583021788689,0.4159920413475984,-0.4818302905637791
2023-05-05,21.298550174315196,0.07252199695309687,0.4131026303831512,-0.48016836138350477
2023-05-06,18.08146621471145,0.13351986425936155,0.410213219418704,-0.47850643220323047
2023-05-07,19.338229902039373,0.03843018571696969,0.4073238084542568,-0.47684450302295617
2023-05-08,22.206556993829103,0.0008583068797918258,0.4044343974898096,-0.47518257384268187
2023-05-09,23.07225050307414,0.0008587039239671412,0.4038688144683012,-0.4744105180806083
2023-05-10,22.027521521687227,0.000852346317969932,0.4033032314467928,-0.4736384623185347
2023-05-11,21.61753123722612,0.000466235619066142,0.4027376484252845,-0.4728664065564611
2023-05-12,20.147530062144067,0.005602563565038967,0.4021720654037761,-0.47209435079438755
2023-05-13,16.869925942069116,0.4367934610730347,0.4016064823822677,-0.47132229503231393
2023-05-14,17.22882281199064,0.041639054094562096,0.4010408993607593,-0.47055023927024037
2023-05-15,18.92421134579883,0.0017190251642100972,0.40047531633925093,-0.46977818350816675
2023-05-16,20.321578653350148,0.0025868416173580044,0.3999097333177426,-0.4690061277460932
2023-05-17,15.139655500028589,14.690775498042656,0.3993441502962342,-0.4682340719840196
2023-05-18,14.495607679915526,1.970988967036473,0.3987785672747258,-0.467462016221946
2023-05-19,14.344459351207183,9.78111647467577,0.39821298425321744,-0.46668996045987243
2023-05-20,16.176296180744544,0.012783103316794824,0.39764740123170905,-0.4659179046977988
2023-05-21,13.111347897362181,15.75013540173305,0.3970818182102007,-0.46514584893572525
2023-05-22,13.574566240771764,1.7922845960523646,0.39651623518869233,-0.4643737931736517
2023-05-23,13.535856168324724,4.486447345164011,0.39595065216718395,-0.46360173741157806
2023-05-24,14.817847606668671,4.6680567147443925,0.39538506914567556,-0.4628296816495045
2023-05-25,17.402687000925024,0.41034440047868337,0.3948194861241672,-0.46205762588743093
2023-05-26,19.449991551367706,0.48371325901912704,0.39425390310265884,-0.4612855701253573
2023-05-27,16.605944013716933,12.180133789436573,0.39368832008115046,-0.46051351436328375
2023-05-28,16.401456835797745,1.2386407222424731,0.39312273705964207,-0.4597414586012102
2023-05-29,16.462742926328257,0.11122467863650724,0.3925571540381337,-0.45896940283913656
2023-05-30,16.42356045943789,0.8299045662161424,0.3919915710166253,-0.458197347077063
2023-05-31,18.02667131302619,0.01499464038674158,0.39142598799511696,-0.4574252913149894
2023-06-01,18.446130568137928,0.8344234628482029,0.3908604049736086,-0.4566532355529158
2023-06-02,17.821296411373567,4.911092716531758,0.3902948219521002,-0.45588117979084225
2023-06-03,18.72585183451803,0.6813310483826589,0.3897292389305918,-0.45510912402876863
2023-06-04,19.792108451319127,0.1741842458607899,0.3891636559090834,-0.45433706826669507
2023-06-05,21.52970235596481,0.1911436782425249,0.3885980728875751,-0.45356501250462145
2023-06-06,23.11069338461219,2.225541749529133,0.3880324898660667,-0.4527929567425479
2023-06-07,22.627889677829117,1.2962038051877875,0.3874669068445583,-0.4520209009804743
2023-06-08,20.233283195786825,5.1647373054660575,0.3869013238230499,-0.4512488452184007
2023-06-09,19.219903073298738,0.10616372097998283,0.38633574080154154,-0.45047678945632713
2023-06-10,20.021237478668787,0.3576941322167313,0.3857701577800332,-0.44970473369425357
2023-06-11,20.709107170396205,0.5387219308896829,0.3852045747585248,-0.44893267793217995
2023-06-12,20.662089941398502,0.0010848045299383102,0.38463899173701643,-0.4481606221701064
2023-06-13,17.892449691034795,0.7583945253457256,0.38407340871550805,-0.4473885664080328
2023-06-14,20.330324536000845,0.0028178406009065214,0.38350782569399966,-0.4466165106459592
2023-06-15,24.28509042172033,0.0012854092688030505,0.38294224267249133,-0.44584445488388563
2023-06-16,26.747606111482842,0.0021413227386801736,0.38237665965098294,-0.445072399121812
2023-06-17,27.348578981588854,0.003175622405529197,0.38181107662947456,-0.44430034335973845
2023-06-18,24.01182519558431,0.6926007853209518,0.3837514927843313,-0.4447575175527079
2023-06-19,22.570074824947167,0.036117912248800725,0.3856919089391881,-0.4452146917456774
2023-06-20,21.873718550005044,0.019386306027752116,0.3876323250940448,-0.4456718659386468
2023-06-21,22.007058125658524,0.09861579367910796,0.3895727412489016,-0.4461290401316163
2023-06-22,24.626023965694856,0.0021419336349026707,0.39151315740375836,-0.4465862143245858
2023-06-23,27.60668134713601,0.0029994815236022987,0.39095058126075005,-0.44827697921675136
2023-06-24,29.358900926313353,0.024163176915616542,0.3903880051177418,-0.44996774410891693
2023-06-25,30.238257133930418,0.5224837491832243,0.3898254289747335,-0.4516585090010825
2023-06-26,30.424509024195423,0.0008644618674225057,0.38926285283172524,-0.4533492738932481
2023-06-27,30.820208353911376,0.0004261732051702438,0.38870027668871693,-0.45504003878541366
2023-06-28,28.945973880175725,0.0008583068797918258,0.38785911985439303,-0.4539528690155777
2023-06-29,27.343075327594182,0.001298744225793758,0.3870179630200692,-0.45286569924574177
2023-06-30,25.920883418464204,0.002532023211882333,0.3861768061857453,-0.4517785294759058
2023-07-01,27.014634261968517,0.0008643840674134922,0.38533564935142145,-0.4506913597060699
2023-07-02,27.773917945104724,0.0,0.38449449251709755,-0.4496041899362339
2023-07-03,27.3041178113632,0.0017136334804490616,0.3809217328044812,-0.4476292436486469
2023-07-04,26.148388320495794,0.0005105523549525775,0.3773489730918649,-0.44565429736105994
2023-07-05,26.695077065232464,0.0008642672923997452,0.37377621337924855,-0.44367935107347295
2023-07-06,27.082460240371386,0.0008523463748133508,0.3702034536666322,-0.44170440478588596
2023-07-07,25.060688081891808,0.008135829160742904,0.3666306939540159,-0.439729458498299
2023-07-08,24.960234751228178,0.0007741831726885454,0.3581780345326041,-0.43028350884101096
2023-07-09,28.22468549519704,0.0008534580864250074,0.3497253751111924,-0.420837559183723
2023-07-10,32.07203255767437,0.043831586151294455,0.3412727156897806,-0.411391609526435
2023-07-11,31.800796602943183,0.06634336068383573,0.3328200562683689,-0.40194565986914704
2023-07-12,30.35547441865958,0.16263916099488662,0.32436739684695715,-0.39249971021185903
2023-07-13,29.856540238280974,0.001727760491121444,0.33366596157246625,-0.40424234197854686
2023-07-14,28.638712522395107,0.0008583068797918258,0.3429645262979754,-0.4159849737452347
2023-07-15,25.02490326102456,0.02380727811624076,0.3522630910234845,-0.4277276055119225
2023-07-16,28.207617844637433,0.0017983995321142765,0.3615616557489937,-0.43947023727861034
2023-07-17,31.036727128744758,0.000852346317969932,0.3708602204745028,-0.45121286904529817
2023-07-18,30.413338439397865,0.0012841465490964765,0.3688910381445726,-0.44948062271801165
2023-07-19,31.35746967422449,0.015356964877355495,0.3669218558146424,-0.4477483763907251
2023-07-20,27.410870119633586,0.0013885324521812049,0.3649526734847121,-0.4460161300634386
2023-07-21,25.435160235533615,0.006480389775210807,0.3629834911547819,-0.4442838837361521
2023-07-22,26.234617560389104,0.0013666753209461689,0.3610143088248517,-0.44255163740886555
2023-07-23,28.007613886282364,0.0034175072690627644,0.3590451264949215,-0.440819391081579
2023-07-24,24.400243500959515,0.002556902760256664,0.3570759441649913,-0.4390871447542925
2023-07-25,24.067441051182275,0.0031063413723846915,0.355106761835061,-0.437354898427006
2023-07-26,24.47631314401411,0.0008494699841321562,0.3531375795051308,-0.43562265209971945
2023-07-27,23.338014887064787,0.0007763618717105865,0.3511683971752006,-0.43389040577243293
2023-07-28,25.488236010408297,0.0,0.35471460075290756,-0.4367353152279403
2023-07-29,27.43081587580327,0.0021997513195016233,0.3582608043306145,-0.43958022468344765
2023-07-30,27.518643309809196,0.0,0.3618070079083215,-0.442425134138955
2023-07-31,26.93375776936386,0.0008523463748133508,0.36535321148602845,-0.4452700435944624
2023-08-01,25.371132705533185,0.002139555988378561,0.3688994150637354,-0.44811495304996973
2023-08-02,24.679865278481866,0.0020572702279590166,0.35830550133550637,-0.43639762704427426
2023-08-03,23.334046649690222,0.03723104026259521,0.34771158760727733,-0.4246803010385788
2023-08-04,25.42664837436825,0.026222767715721868,0.3371176738790483,-0.4129629750328833
2023-08-05,28.53539210312242,0.0009253279803675132,0.32652376015081924,-0.40124564902718785
2023-08-06,31.358859338347862,0.0,0.3159298464225902,-0.3895283230214924
2023-08-07,31.873966730520653,0.07939834629989477,0.3113388325468868,-0.3841541005853858
2023-08-08,32.84099836276692,0.06766515580282166,0.30674781867118345,-0.37877987814927927
2023-08-09,32.485446337828535,0.7432107960216889,0.3021568047954801,-0.3734056557131727
2023-08-10,31.882203200633917,0.9436472226417826,0.29756579091977675,-0.36803143327706617
2023-08-11,31.541393179080597,1.7890270429698913,0.2929747770440734,-0.3626572108409596
2023-08-12,31.13260554151076,0.0008583068797918258,0.2945609499954565,-0.36423020704268416
2023-08-13,30.378724232642135,0.0012814998058274796,0.29614712294683965,-0.36580320324440874
2023-08-14,30.1792022491533,0.6336094768902727,0.29773329589822284,-0.36737619944613337
2023-08-15,29.081926951517616,0.010686111814193143,0.299319468849606,-0.36894919564785794
2023-08-16,27.23679913431031,1.1283932751371662e-05,0.3009056418009891,-0.3705221918495825
2023-08-17,27.272029969892444,0.0,0.310090739392735,-0.38198376992658856
2023-08-18,27.934570840539543,0.0,0.3192758369844809,-0.39344534800359454
2023-08-19,29.77067104562853,0.0,0.3284609345762268,-0.4049069260806006
2023-08-20,30.883097019147044,0.0004351138613856165,0.33764603216797273,-0.41636850415760657
2023-08-21,30.42933286710554,0.000870227722771233,0.34683112975971864,-0.4278300822346126
2023-08-22,30.33308354152071,0.000852346317969932,0.34264985943296206,-0.4239323307653837
2023-08-23,31.155317374464836,0.20658330318848536,0.3384685891062055,-0.4200345792961549
2023-08-24,31.05640998044392,0.049935277296275025,0.33428731877944884,-0.416136827826926
2023-08-25,31.22266871425641,0.0004132967868834052,0.33010604845269226,-0.4122390763576972
2023-08-26,29.444567322670377,0.002278467159696086,0.3259247781259357,-0.4083413248884683
2023-08-27,23.84493179709557,0.0,0.33260655362061925,-0.4158810130969499
2023-08-28,24.424562391130706,0.0,0.3392883291153028,-0.42342070130543147
2023-08-29,25.30194678464314,0.0025749206429281912,0.34597010460998634,-0.4309603895139131
2023-08-30,23.210859739386112,0.0139076577233624,0.3526518801046699,-0.43850007772239463
2023-08-31,24.94789538007355,0.0004351138045421976,0.3593336555993535,-0.44603976593087624
2023-09-01,24.74435800062187,0.05931533439411917,0.3585034048815041,-0.4452736996078446
2023-09-02,20.280528670837583,0.44590806820496814,0.35767315416365475,-0.4445076332848129
2023-09-03,20.00071323579203,2.0532532956650806,0.3568429034458053,-0.4437415669617813
2023-09-04,21.51646941478625,0.050013028926983026,0.35601265272795596,-0.44297550063874963
2023-09-05,23.017598270095977,0.0,0.3551824020101066,-0.44220943431571796
2023-09-06,25.322824357787486,0.0,0.3543521512922572,-0.4414433679926863
2023-09-07,26.416864762051453,0.000852346317969932,0.35352190057440785,-0.44067730166965463
2023-09-08,25.942220759695154,0.0898283856515666,0.35269164985655843,-0.439911235346623
2023-09-09,24.428417231047757,0.004594630844732944,0.35186139913870906,-0.43914516902359135
2023-09-10,24.166382970640107,0.04336706021902723,0.3510311484208597,-0.4383791027005597
2023-09-11,22.870450413439436,0.03121570734782565,0.342919394342219,-0.42738856885790444
2023-09-12,21.590578942141182,0.006205890014881397,0.3348076402635784,-0.41639803501524925
2023-09-13,23.423695973403593,0.013328644963222419,0.3266958861849377,-0.405407501172594
2023-09-14,25.098446231094666,1.8587555365822224,0.3185841321062971,-0.3944169673299388
2023-09-15,22.76329614867391,0.8693091286943508,0.3104723780276564,-0.38342643348728356
2023-09-16,22.827591721823524,0.015393786757956935,0.32253116407669286,-0.39803517102020736
2023-09-17,21.331817063969822,4.80983764605446,0.33458995012572934,-0.41264390855313116
2023-09-18,20.797641774534288,0.1682832040859543,0.34664873617476577,-0.427252646086055
2023-09-19,21.23916049986398,0.20328769246543116,0.35870752222380226,-0.4418613836189788
2023-09-20,20.412685448644137,0.0,0.3707663082728387,-0.4564701211519026
2023-09-21,18.64075999951546,0.03529511780007359,0.3688126967996177,-0.45545112910295854
2023-09-22,17.621506891420502,0.3580215777832258,0.3668590853263967,-0.4544321370540145
2023-09-23,21.752484742375742,0.0003466169342739892,0.3649054738531758,-0.4534131450050704
2023-09-24,24.54845433611302,0.0,0.3629518623799548,-0.45239415295612634
2023-09-25,24.989659687459625,0.0012340197075595026,0.3609982509067338,-0.45137516090718227
2023-09-26,24.32432866763828,0.0007995894797287406,0.3627181679405999,-0.45229021789949203
2023-09-27,24.65950244971513,0.0,0.36443808497446595,-0.45320527489180173
2023-09-28,24.952375185823357,0.0,0.36615800200833204,-0.4541203318841115
2023-09-29,25.067644488113846,0.0008523463748133508,0.3678779190421981,-0.4550353888764212
2023-09-30,25.07739214618092,0.00171262911408121,0.36959783607606417,-0.45595044586873096
2023-10-01,25.589339321806268,0.0004467606977698324,0.36409322695387736,-0.44945728461330514
2023-10-02,25.95517564632815,0.0,0.3585886178316906,-0.4429641233578793
2023-10-03,25.279153520035706,0.0017344801790386555,0.3530840087095038,-0.43647096210245345
2023-10-04,24.328739435132857,0.0,0.34757939958731704,-0.42997780084702764
2023-10-05,25.387322166190526,0.0017106532936850272,0.34207479046513023,-0.4234846395916018
2023-10-06,26.17513569256735,0.0,0.344927187400935,-0.4272416685473675
2023-10-07,25.350816218058288,6.702110057568733e-05,0.3477795843367397,-0.43099869750313324
2023-10-08,24.554111786471097,0.0008584349870943697,0.35063198127254447,-0.43475572645889893
2023-10-09,23.251056857509486,0.000852346317969932,0.3534843782083492,-0.43851275541466467
2023-10-10,23.279837351597614,0.001728812890178233,0.35633677514415396,-0.44226978437043035
2023-10-11,23.540073495724144,0.0004397093794728054,0.35355912886238,-0.4385988003249223
2023-10-12,23.87668937702521,0.000852346317969932,0.35078148258060604,-0.4349278162794143
2023-10-13,23.26530079829482,0.002457298926019714,0.34800383629883214,-0.43125683223390626
2023-10-14,20.01948173076448,0.9006712272422255,0.3452261900170582,-0.42758584818839823
2023-10-15,21.34600479572482,0.31440849520324177,0.3424485437352842,-0.4239148641428902
2023-10-16,22.24799760037102,0.009175495993218874,0.35111994999875684,-0.43155611007356853
2023-10-17,22.61812953318048,0.0032077763030984616,0.35979135626222947,-0.43919735600424686
2023-10-18,19.614311103723765,2.0322819238405643,0.3684627625257021,-0.4468386019349252
2023-10-19,18.7612082386745,15.870140731710102,0.3771341687891747,-0.4544798478656035
2023-10-20,14.577944283327707,15.488450304694446,0.38580557505264734,-0.46212109379628186
2023-10-21,15.996801779167056,0.37140138099619935,0.3944769813161199,-0.46976233972696024
2023-10-22,17.901292440788165,2.7015720614950167,0.40314838757959254,-0.4774035856576386
2023-10-23,15.25434130506057,10.693103120424878,0.41181979384306516,-0.4850448315883169
2023-10-24,14.492597394559853,2.7401293052729736,0.4204912001065378,-0.49268607751899524
2023-10-25,16.20079629815568,0.0023098846883514144,0.4291626063700104,-0.5003273234496736
2023-10-26,16.853904881368184,0.0683445283475313,0.4336663683303067,-0.5025738822313182
2023-10-27,16.241543052032714,6.395062144441932,0.438170130290603,-0.5048204410129628
2023-10-28,16.702539339138365,0.024036219614492635,0.4426738922508992,-0.5070669997946072
2023-10-29,16.526173217424017,0.1248116994526115,0.4471776542111955,-0.5093135585762518
2023-10-30,15.864645102309241,11.416869338508087,0.45168141617149177,-0.5115601173578964
2023-10-31,17.928782795525112,0.0916151598892764,0.45618517813178805,-0.513806676139541
2023-11-01,17.892062755516775,0.3571840873637276,0.46068894009208433,-0.5160532349211856
2023-11-02,15.650004760120991,7.414238034710318,0.46519270205238056,-0.5182997937028301
2023-11-03,14.489184979931414,5.0690639961447355,0.46969646401267684,-0.5205463524844747
2023-11-04,14.38846451368649,0.0682056403343094,0.4742002259729731,-0.5227929112661193
2023-11-05,14.410700639331633,2.187785090230324,0.47405986649896525,-0.522453500986921
2023-11-06,13.353423525783576,1.4721785443199045,0.4739195070249574,-0.5221140907077226
2023-11-07,10.573242729128784,0.0036589061940899333,0.47377914755094946,-0.5217746804285244
2023-11-08,10.952979957056431,0.0034363210943411104,0.4736387880769416,-0.521435270149326
2023-11-09,14.281148233971857,0.005093921920121365,0.47349842860293373,-0.5210958598701277
2023-11-10,15.116609909212944,0.1880985179930243,0.47335806912892586,-0.5207564495909295
2023-11-11,15.70108628406479,0.003010032742167823,0.473217709654918,-0.5204170393117311
2023-11-12,15.805023880587308,0.011382394164573147,0.4730773501809101,-0.5200776290325329
2023-11-13,16.51284311697382,0.001727127028061659,0.4729369907069022,-0.5197382187533345
2023-11-14,17.574954318757598,0.0,0.47279663123289434,-0.5193988084741362
2023-11-15,17.059284753775184,0.0008583068797918258,0.47265627175888647,-0.519059398194938
2023-11-16,16.67237228510036,0.0017265305700675526,0.4725159122848786,-0.5187199879157396
2023-11-17,16.70449877634609,0.0017136334236056427,0.4723755528108707,-0.5183805776365413
2023-11-18,16.827211376122257,0.0004351138045421976,0.4722351933368628,-0.518041167357343
2023-11-19,17.287006470386636,0.0025857789296424016,0.47209483386285495,-0.5177017570781447
2023-11-20,16.002656806576965,0.000870227722771233,0.47458485747109286,-0.5217107533062068
2023-11-21,12.934005787779068,0.5856071718663312,0.47707488107933077,-0.5257197495342688
2023-11-22,12.12366007739354,0.14968079917759725,0.47956490468756874,-0.5297287457623308
2023-11-23,10.761151577316193,0.0008583068797918258,0.48205492829580665,-0.5337377419903928
2023-11-24,11.360010786760284,0.0008523463748133508,0.48454495190404456,-0.5377467382184549
2023-11-25,11.544503395915362,0.0,0.4777071057509804,-0.5288702451692688
2023-11-26,11.237087912717273,0.0017225742112714215,0.47086925959791626,-0.5199937521200827
2023-11-27,11.648487744319244,-9.528207556286361e-06,0.46403141344485216,-0.5111172590708967
2023-11-28,11.943847486384378,0.000852346317969932,0.457193567291788,-0.5022407660217105
2023-11-29,12.53682577798085,0.018802421602634012,0.45035572113872385,-0.4933642729725245
2023-11-30,13.30418971209734,1.706239831356602e-06,0.45713780531350706,-0.4991566482565652
2023-12-01,12.396549397631174,5.751713859921306,0.46391988948829027,-0.5049490235406059
2023-12-02,9.731479514706862,0.02682750461665729,0.4707019736630735,-0.5107413988246466
2023-12-03,9.136386750975971,0.0,0.4774840578378567,-0.5165337741086873
2023-12-04,11.483004219113434,0.0,0.4842661420126399,-0.522326149392728
2023-12-05,11.878654241197912,0.6480552084460166,0.4910482261874231,-0.5281185246767688
2023-12-06,12.434778081491123,16.4035982303037,0.4978303103622063,-0.5339108999608094
2023-12-07,14.30089330115091,0.175203894840852,0.5046123945369895,-0.5397032752448502
2023-12-08,12.923878860473643,3.0158351818838254,0.5113944787117727,-0.5454956505288908
2023-12-09,12.816143539661693,0.02117088732828621,0.5181765628865559,-0.5512880258129316
2023-12-10,14.794394509118952,0.0025560521521583723,0.5249586470613391,-0.5570804010969723
2023-12-11,16.09888862143948,0.000852346317969932,0.5317407312361223,-0.562872776381013
2023-12-12,15.795047307681822,0.010547656071132559,0.5385228154109055,-0.5686651516650537
2023-12-13,12.952393597318943,1.992681463153819,0.5453048995856887,-0.5744575269490944
2023-12-14,9.343671730759812,0.015073605063818612,0.5520869837604719,-0.5802499022331351
2023-12-15,9.89294961827403,0.0017106532368416083,0.5517201871831348,-0.579838706065749
2023-12-16,10.105116291385912,0.000852346317969932,0.5513533906057976,-0.5794275098983629
2023-12-17,9.558661221608586,0.0017106532936850272,0.5509865940284605,-0.5790163137309768
2023-12-18,9.303217271023446,0.002129159776782807,0.5506197974511233,-0.5786051175635907
2023-12-19,9.32727022826219,0.0006536036047316689,0.5502530008737861,-0.5781939213962046
2023-12-20,8.999407026179282,0.00975273037187403,0.5500411276927007,-0.5812109952831559
2023-12-21,10.07373082789455,0.023610378039702205,0.5498292545116154,-0.5842280691701072
2023-12-22,10.349869122881339,0.00093197084343324,0.54961738133053,-0.5872451430570583
2023-12-23,10.034108262389687,0.0017106532936850272,0.5494055081494446,-0.5902622169440096
2023-12-24,9.463379415846982,0.0012905774724458752,0.5491936349683592,-0.5932792908309609
2023-12-25,8.723204054116623,0.000852346317969932,0.5466121606395058,-0.5911408248981377
2023-12-26,9.285914011948002,0.00316855551410431,0.5440306863106524,-0.5890023589653145
2023-12-27,8.926654599216466,0.0021800056555451312,0.5414492119817991,-0.5868638930324913
2023-12-28,10.244259879425304,0.0,0.5388677376529457,-0.5847254270996681
2023-12-29,12.35867491083901,0.0009816110475935082,0.5362862633240923,-0.5825869611668448
2023-12-30,11.330736917393832,0.0,0.533704788995239,-0.5804484952340216
2023-12-31,11.462901311005673,0.0008583068797918258,0.5311233146663856,-0.5783100293011985
2024-01-01,11.801600446045871,0.30993250479913104,0.5285418403375323,-0.5761715633683753
2024-01-02,11.687559882981814,0.0025868415605145856,0.5259603660086789,-0.5740330974355521
2024-01-03,12.550268055767837,0.001716613667213096,0.5233788916798255,-0.5718946315027289
2024-01-04,12.557094736075008,3.703839337609621,0.5266114542620265,-0.5718685636189019
2024-01-05,9.375232650912155,13.952901185923858,0.5298440168442275,-0.571842495735075
2024-01-06,8.33456880118103,0.10677978733116204,0.5330765794264285,-0.5718164278512481
2024-01-07,7.745046757317093,0.0004351138613856165,0.5363091420086296,-0.5717903599674211
2024-01-08,8.464610732178055,0.0004410743663640915,0.5395417045908305,-0.5717642920835941
2024-01-09,10.060007616581828,13.954751730661,0.5417911747760367,-0.5734717230631367
2024-01-10,11.722765617273568,1.6563291294894136,0.5440406449612428,-0.575179154042679
2024-01-11,9.119032796223982,0.0006574255819539078,0.5462901151464489,-0.5768865850222216
2024-01-12,10.177368827023908,0.0,0.548539585331655,-0.5785940160017641
2024-01-13,12.429103113616128,6.702110057568733e-05,0.5507890555168612,-0.5803014469813066
2024-01-14,12.617245751300866,0.0008642672923997452,0.5530385257020674,-0.582008877960849
2024-01-15,12.302485823691972,0.0,0.5552879958872735,-0.5837163089403915
2024-01-16,11.52654162205512,1.0729916677675424,0.5575374660724796,-0.585423739919934
2024-01-17,12.400207285602006,4.464119991171052,0.5597869362576857,-0.5871311708994765
2024-01-18,12.355560117338156,0.0174195711799562,0.5620364064428919,-0.5888386018790189
2024-01-19,10.79076618844926,20.470798834589605,0.564285876628098,-0.5905460328585614
2024-01-20,9.931061209370485,1.297357655663527,0.5665353468133042,-0.592253463838104
2024-01-21,10.253228321997591,0.001491981608267049,0.5687848169985102,-0.5939608948176465
2024-01-22,10.766656708656708,0.0017236881717508368,0.5710342871837164,-0.5956683257971889
2024-01-23,13.015884722644168,0.0008583068797918258,0.5732837573689226,-0.5973757567767314
2024-01-24,14.963818092443274,0.0,0.5725521878304812,-0.5972452018976772
2024-01-25,15.814983160198533,0.0008523463748133508,0.5718206182920399,-0.5971146470186229
2024-01-26,14.47478447931112,0.0,0.5710890487535986,-0.5969840921395687
2024-01-27,13.700861269341797,0.0,0.5703574792151572,-0.5968535372605145
2024-01-28,13.372849149437075,0.0004351138045421976,0.5696259096767159,-0.5967229823814604
2024-01-29,13.296867160942737,0.0022433186191701403,0.5688943401382744,-0.5965924275024062
2024-01-30,13.794865787302282,0.0013615338842726467,0.5681627705998331,-0.5964618726233519
2024-01-31,14.094239511077369,0.0017274426026761063,0.5674312010613918,-0.5963313177442977
2024-02-01,13.932979007167702,0.005275727993256354,0.5666996315229504,-0.5962007628652435
2024-02-02,13.468625334140317,0.0009193674185456193,0.5659680619845091,-0.5960702079861893
2024-02-03,13.044261391714958,0.003513589112436553,0.5633193722285703,-0.5926654630004321
2024-02-04,13.166745034914303,0.002314616603306958,0.5606706824726315,-0.5892607180146748
2024-02-05,12.737709353109688,5.641966375685831e-06,0.5580219927166927,-0.5858559730289177
2024-02-06,13.213279394096412,0.0011777604468183659,0.5553733029607539,-0.5824512280431604
2024-02-07,12.040004636070533,0.0012984582807463044,0.5527246132048151,-0.5790464830574032
2024-02-08,11.870121107028664,0.13647809382112827,0.5572085827858978,-0.5808877141252544
2024-02-09,10.053136890595816,74.75288699135717,0.5616925523669805,-0.5827289451931056
2024-02-10,10.570647174165474,30.97757317182175,0.5661765219480631,-0.5845701762609566
2024-02-11,11.347147062655939,5.846794506975713,0.5706604915291458,-0.5864114073288078
2024-02-12,14.214519926852562,4.719571917009319,0.5751444611102285,-0.588252638396659
2024-02-13,15.706874373729619,-7.335985132338895e-06,0.5796284306913112,-0.5900938694645101
2024-02-14,17.82878543475205,0.001716971837595338,0.5841124002723939,-0.5919351005323613
2024-02-15,14.47347763682749,6.5514066518604865,0.5885963698534765,-0.5937763316002124
2024-02-16,12.31310014700467,0.10241206365687247,0.5930803394345592,-0.5956175626680635
2024-02-17,11.531628128711834,0.07375421868708923,0.5975643090156418,-0.5974587937359147
2024-02-18,12.163463543025603,0.0,0.5959069815638526,-0.5960870748560935
2024-02-19,14.315176376071026,0.001723222908367461,0.5942496541120633,-0.5947153559762722
2024-02-20,14.107930571189698,0.0025991612346842885,0.5925923266602742,-0.593343637096451
2024-02-21,14.426875676938922,0.0025453178409406974,0.5909349992084849,-0.5919719182166298
2024-02-22,13.334650856969356,0.13806874505214273,0.5892776717566957,-0.5906001993368085
2024-02-23,10.889117536472025,10.900866712208986,0.5876203443049064,-0.5892284804569873
2024-02-24,8.819084657664243,9.093769699553077,0.5859630168531171,-0.587856761577166
2024-02-25,10.210484147011192,0.3399423630719401,0.584305689401328,-0.5864850426973448
2024-02-26,8.822093983036277,16.062631166823152,0.5826483619495387,-0.5851133238175236
2024-02-27,8.038899363937587,1.6382605523136686,0.5809910344977495,-0.5837416049377023
2024-02-28,8.197817800002573,0.35545794108441764,0.5793337070459602,-0.5823698860578811
2024-02-29,9.213555183119468,0.09439537543376894,0.577676379594171,-0.5809981671780599
2024-03-01,10.092325569715829,0.7033971655233431,0.5760190521423818,-0.5796264482982386
2024-03-02,8.671846557694852,0.5633012028823497,0.5743617246905925,-0.5782547294184174
2024-03-03,9.718869293251743,11.497406422705971,0.5727043972388033,-0.5768830105385961
2024-03-04,10.126436234491182,0.003266834848809664,0.571047069787014,-0.5755112916587749
2024-03-05,11.945077686455438,0.003424309569473242,0.5693897423352248,-0.5741395727789537
2024-03-06,13.110323157079973,0.0016770289777326105,0.5677324148834356,-0.5727678538991325
2024-03-07,11.640969009981845,4.695574609275594,0.5660750874316464,-0.5713961350193113
2024-03-08,8.744474940020943,9.083592209094864,0.5644177599798571,-0.5700244161394901
2024-03-09,8.71339209461942,35.63121978103663,0.5627604325280678,-0.5686526972596688
2024-03-10,9.514207398315138,15.852775009533833,0.5611031050762786,-0.5672809783798476
2024-03-11,11.131049104258627,0.20552584677940272,0.5594457776244894,-0.5659092595000264
2024-03-12,12.7682388587156,0.00042452362063749073,0.5577884501727002,-0.5645375406202051
2024-03-13,14.125363726045663,0.8206711698124428,0.5561311227209109,-0.5631658217403839
2024-03-14,14.728074993492717,0.056551135121012286,0.5544737952691217,-0.5617941028605626
2024-03-15,14.779477912961095,0.005680556991682567,0.5528164678173324,-0.5604223839807414
2024-03-16,16.491525932486763,0.0008629730767527948,0.5511591403655433,-0.5590506651009202
2024-03-17,18.778790284173795,0.0008583068797918258,0.549501812913754,-0.5576789462210989
2024-03-18,19.138543171191056,0.006436571509884534,0.5478444854619647,-0.5563072273412777
2024-03-19,20.26985504111566,0.28341128704145213,0.5461871580101755,-0.5549355084614565
2024-03-20,15.236983656943933,1.7269695533140925,0.5445298305583862,-0.5535637895816352
2024-03-21,16.01960691107444,2.821705723491359,0.5428725031065971,-0.552192070701814
2024-03-22,18.156730089842835,0.010398644481931448,0.5412151756548078,-0.5508203518219927
2024-03-23,18.672009063798374,0.030930215063497125,0.5395578482030186,-0.5494486329421715
2024-03-24,18.578619496391656,3.918147541992138,0.5488650289662073,-0.5554374512691379
2024-03-25,12.696271599340099,11.987408248229217,0.558172209729396,-0.5614262695961043
2024-03-26,7.954971985173924,35.11747804306846,0.5674793904925847,-0.5674150879230707
2024-03-27,9.323502883717016,18.112330400204442,0.5767865712557734,-0.5734039062500371
2024-03-28,12.38104283573066,0.41228323492385044,0.5860937520189621,-0.5793927245770035
2024-03-29,10.4480483940843,19.17192367196993,0.5954009327821507,-0.5853815429039699
2024-03-30,9.23079116860118,60.81171722803413,0.6047081135453394,-0.5913703612309363
2024-03-31,11.739478239879686,47.2591947849998,0.6140152943085281,-0.5973591795579027
2024-04-01,11.69542451814843,5.047082377651777,0.6233224750717168,-0.6033479978848691
2024-04-02,14.072167171837442,0.008196991364054386,0.6326296558349055,-0.6093368162118356
2024-04-03,15.545371558890725,1.1283932751371662e-05,0.6287060203393908,-0.6070585240937156
2024-04-04,17.720765411338153,0.0017220344261659193,0.6247823848438762,-0.6047802319755958
2024-04-05,20.220722340202837,0.0004351138613856165,0.6208587493483615,-0.6025019398574759
2024-04-06,21.71303399840691,0.000852346317969932,0.6169351138528468,-0.600223647739356
2024-04-07,18.332601071617418,0.10547105589215139,0.6130114783573322,-0.5979453556212362
2024-04-08,14.874516280856158,0.14272568786646628,0.6090878428618175,-0.5956670635031163
2024-04-09,15.413589943456307,0.14286576048681746,0.6051642073663028,-0.5933887713849963
2024-04-10,16.235280448001177,2.92232016363414e-07,0.6012405718707882,-0.5911104792668764
2024-04-11,17.78824905123725,0.0,0.5973169363752735,-0.5888321871487566
2024-04-12,15.67192598590417,0.0,0.5933933008797588,-0.5865538950306367
2024-04-13,16.097994365158304,0.0017225742112714215,0.5906246232035143,-0.5847862889481916
2024-04-14,16.62694875605539,0.0008583068797918258,0.5878559455272698,-0.5830186828657465
2024-04-15,18.563667691451638,0.0008642672355563263,0.5850872678510253,-0.5812510767833015
2024-04-16,19.643572417591688,0.0004291534878575476,0.5823185901747807,-0.5794834707008564
2024-04-17,20.098901177908637,0.0004188495381640678,0.5795499124985363,-0.5777158646184113
2024-04-18,18.826756413777684,2.2567865502743323e-05,0.5767812348222917,-0.5759482585359662
2024-04-19,18.074759802199537,0.003995331086786466,0.5740125571460473,-0.5741806524535211
2024-04-20,14.577809771084027,13.410671294190502,0.5712438794698027,-0.572413046371076
2024-04-21,14.219763977594377,1.1180083260281397,0.5684752017935581,-0.570645440288631
2024-04-22,15.913035514579205,0.0008523463748133508,0.5657065241173137,-0.5688778342061859
2024-04-23,16.662147993713862,0.08586052432381011,0.5629378464410691,-0.5671102281237408
2024-04-24,16.717340760558635,0.0008616357691676838,0.5601691687648246,-0.5653426220412957
2024-04-25,15.684771029639814,0.000852346317969932,0.5574004910885801,-0.5635750159588507
2024-04-26,13.162593583356964,0.17411790736983357,0.5546318134123356,-0.5618074098764057
2024-04-27,11.73720425807188,3.2413115428734036,0.551863135736091,-0.5600398037939606
2024-04-28,11.607509892587478,4.498730336947904,0.5490944580598466,-0.5582721977115155
2024-04-29,10.723098848066286,3.167950913688329,0.546325780383602,-0.5565045916290704
2024-04-30,10.944461226523998,1.9009412650518536,0.5435571027073575,-0.5547369855466253
2024-05-01,11.513197721719159,6.8680088255128435,0.540788425031113,-0.5529693794641802
2024-05-02,12.689070753529485,0.000852346317969932,0.5380197473548685,-0.5512017733817351
2024-05-03,15.85777803183211,0.0,0.535251069678624,-0.5494341672992901
2024-05-04,18.104233577233263,0.0012814998058274796,0.5324823920023795,-0.547666561216845
2024-05-05,18.4470736506028,0.0008702278364580707,0.5297137143261349,-0.5458989551343999
2024-05-06,17.699239903612618,0.06345578732381339,0.5269450366498905,-0.5441313490519548
2024-05-07,19.524858864937137,0.0008702277796146518,0.5241763589736459,-0.5423637429695097
2024-05-08,20.481258106959707,0.0008583068797918258,0.5194279672324671,-0.5400196637281391
2024-05-09,21.140730430273038,0.0008702277618510834,0.5146795754912884,-0.5376755844867686
2024-05-10,22.43203357085021,0.008851380737234498,0.5099311837501097,-0.5353315052453979
2024-05-11,22.972338195490185,0.045341617278470345,0.5051827920089309,-0.5329874260040273
2024-05-12,20.96927967896597,0.006880650993521887,0.5004344002677521,-0.5306433467626567
2024-05-13,19.719829644744337,0.0027433627202431165,0.4956860085265734,-0.5282992675212861
2024-05-14,15.339057783558806,1.4359813075689367,0.49093761678539466,-0.5259551882799155
2024-05-15,13.925693571173225,0.023767870409439167,0.4861892250442159,-0.5236111090385448
2024-05-16,14.984044772432075,0.003033350059596361,0.48144083330303716,-0.5212670297971742
2024-05-17,15.798492733516179,0.023784700657912078,0.4766924415618584,-0.5189229505558036
2024-05-18,15.313245869410887,0.002185260976543863,0.4737001708870586,-0.5192854814552645
2024-05-19,14.308060417466518,0.09137214584893108,0.4707079002122588,-0.5196480123547255
2024-05-20,13.63509736485763,1.5651084539544493,0.467715629537459,-0.5200105432541865
2024-05-21,14.808564611731022,0.00493762572442802,0.46472335886265914,-0.5203730741536474
2024-05-22,18.242594232146683,0.0008583068797918258,0.46173108818785935,-0.5207356050531083
2024-05-23,20.534760237832135,0.006174722700628617,0.4595017609027285,-0.519420761340945
2024-05-24,20.666679445417206,0.0017572449250638016,0.4572724336175976,-0.5181059176287816
2024-05-25,22.96213649526506,0.0,0.45504310633246675,-0.5167910739166183
2024-05-26,23.67228188745244,0.03512101319000012,0.4528137790473359,-0.5154762302044549
2024-05-27,23.306153376533196,0.002593320291695978,0.450584451762205,-0.5141613864922915
2024-05-28,24.83503315466963,0.8024104223906539,0.44835512447707415,-0.5128465427801281
2024-05-29,26.164434358242552,0.015126066348511075,0.4461257971919433,-0.5115316990679648
2024-05-30,26.37531041832071,0.5725869695194146,0.4438964699068124,-0.5102168553558014
2024-05-31,26.398287471742133,0.4330327947631138,0.44166714262168155,-0.508902011643638
2024-06-01,25.37422308108888,0.4873424085902206,0.4394378153365507,-0.5075871679314746
2024-06-02,24.182211713329863,0.21025804617932736,0.4372084880514198,-0.5062723242193112
2024-06-03,23.577764007335425,0.001716613667213096,0.43497916076628895,-0.504957480507148
2024-06-04,22.921424667707857,0.006764308186887786,0.43274983348115814,-0.5036426367949846
2024-06-05,25.224584397954207,0.04050968257525495,0.4305205061960273,-0.5023277930828212
2024-06-06,25.761449506143297,0.01338984209850708,0.4282911789108964,-0.5010129493706578
2024-06-07,20.100142290149343,0.12287602159591285,0.42606185162576554,-0.49969810565849443
2024-06-08,18.312686956080487,0.3928611069235184,0.4238325243406347,-0.4983832619463311
2024-06-09,18.368776153486824,0.37525546459751274,0.4216031970555038,-0.4970684182341677
2024-06-10,18.66016344259716,0.06418300938748385,0.41937386977037294,-0.4957535745220043
2024-06-11,18.509247616289848,0.6447861667011969,0.4171445424852421,-0.49443873080984097
2024-06-12,19.43044428837513,0.012649971344276206,0.4149152152001112,-0.49312388709767757
2024-06-13,23.68385948006435,0.0017106522136600688,0.41268588791498034,-0.49180904338551423
2024-06-14,23.484071059870065,0.001730909104935563,0.4104565606298495,-0.49049419967335084
2024-06-15,20.871435586672128,1.5222763672611757,0.4082272333447186,-0.4891793559611875
2024-06-16,21.356111127547663,0.0026431702361824553,0.40599790605958774,-0.4878645122490241
2024-06-17,22.71014883706287,0.0004376282163320866,0.4059349617812307,-0.48908639580226104
2024-06-18,20.03321140764933,0.023356336345723528,0.4058720175028736,-0.4903082793554979
2024-06-19,17.86532730607286,0.9682070890455755,0.4058090732245165,-0.49153016290873486
2024-06-20,17.78776915261463,0.18193739960899954,0.4057461289461594,-0.49275204646197174
2024-06-21,21.959478764618957,0.0017097143540922843,0.40568318466780234,-0.4939739300152087
2024-06-22,24.819652568050333,0.001711709444407461,0.4051061340214357,-0.49373925529657636
2024-06-23,26.53985319841305,8.551182872906793e-06,0.40452908337506904,-0.49350458057794405
2024-06-24,26.84942508629566,0.0004410743663640915,0.4039520327287024,-0.49326990585931174
2024-06-25,26.245705388581214,0.004858051542593554,0.40337498208233574,-0.49303523114067943
2024-06-26,20.402866870210396,0.6818194425629358,0.4027979314359691,-0.4928005564220472
2024-06-27,17.848439845116708,5.620390176773072,0.40222088078960244,-0.49256588170341487
2024-06-28,18.568215036756232,2.101146102532794,0.4016438301432358,-0.49233120698478255
2024-06-29,20.524521505923705,0.0008601981353999276,0.40106677949686914,-0.49209653226615024
2024-06-30,20.626172837895616,0.003325771934454096,0.4004897288505025,-0.49186185754751793
2024-07-01,21.117653225032456,0.023179039648162758,0.39991267820413584,-0.4916271828288856
2024-07-02,24.599216721318776,0.0,0.3982032024708363,-0.48926232083860016
2024-07-03,27.01873279018259,0.0,0.39649372673753674,-0.48689745884831476
2024-07-04,28.332214123480828,0.0017170642081509868,0.39478425100423714,-0.4845325968580293
2024-07-05,25.487218725772326,0.003985048182175541,0.3930747752709376,-0.4821677348677439
2024-07-06,21.22541022070191,0.029740533407932566,0.39136529953763805,-0.47980287287745843
2024-07-07,21.51114531364152,0.02545100132017645,0.378137691427579,-0.46511794169537596
2024-07-08,23.516413567812414,0.0,0.36491008331752,-0.45043301051329354
2024-07-09,24.541429226513756,0.0008583068797918258,0.35168247520746104,-0.43574807933121107
2024-07-10,27.707086872751198,0.0,0.338454867097402,-0.42106314814912865
2024-07-11,29.080260433556187,0.0011264821842078927,0.325227258987343,-0.4063782169670462
2024-07-12,27.49370672211395,0.0008583068797918258,0.32754454262214094,-0.40885018581410704
2024-07-13,25.81996168956808,0.0,0.32986182625693883,-0.4113221546611679
2024-07-14,25.998021889218265,0.0008583068797918258,0.33217910989173677,-0.41379412350822875
2024-07-15,25.283810812098398,0.0004261732051702438,0.33449639352653465,-0.4162660923552896
2024-07-16,25.818269266609047,0.002556515916638287,0.3368136771613326,-0.41873806120235046
2024-07-17,28.723950113777004,6.224362904788884e-05,0.34554408281204174,-0.43088799486280266
2024-07-18,30.778577420183733,1.2892318134886271,0.3542744884627509,-0.4430379285232548
2024-07-19,31.696704326755857,0.015417128039269107,0.3630048941134601,-0.455187862183707
2024-07-20,29.42222698784363,0.0063517015880393485,0.37173529976416925,-0.46733779584415913
2024-07-21,25.308531200612794,0.0144705061580951,0.3804657054148784,-0.4794877295046113
2024-07-22,28.806143386491424,0.000852346317969932,0.3788440098706649,-0.47724992479118983
2024-07-23,31.494571117954415,0.0,0.3772223143264514,-0.47501212007776833
2024-07-24,32.49987301037818,0.000852346317969932,0.375600618782238,-0.4727743153643468
2024-07-25,29.866511356072284,0.0033401805822238363,0.3739789232380245,-0.4705365106509253
2024-07-26,27.093127809286745,0.0008156736388461281,0.372357227693811,-0.4682987059375038
2024-07-27,27.221857773681354,0.0,0.3651937869882397,-0.4590298702716791
2024-07-28,29.191319666078712,0.5064163044194578,0.35803034628266833,-0.4497610346058543
2024-07-29,29.79563845471877,0.02368765926091835,0.35086690557709704,-0.4404921989400296
2024-07-30,29.277688203573867,0.0008523463748133508,0.3437034648715257,-0.43122336327420485
2024-07-31,29.86412931738313,0.13422551945653746,0.33654002416595435,-0.42195452760838015
2024-08-01,28.562990539977896,0.0027010212475137908,0.329376583460383,-0.41268569194255544
2024-08-02,26.503651718450286,0.004558981727609013,0.32221314275481167,-0.4034168562767307
2024-08-03,27.66789068751058,0.001300925475788972,0.3150497020492404,-0.394148020610906
2024-08-04,28.6970759801889,0.0,0.30788626134366903,-0.3848791849450812
2024-08-05,27.907712123958234,0.0,0.3007228206380977,-0.3756103492792565
2024-08-06,26.775342015273722,0.0,0.30777111079679353,-0.3870475076520876
2024-08-07,27.484344927955256,0.0004220554846843691,0.3148194009554894,-0.3984846660249187
2024-08-08,26.459117973851825,0.0004149575269859256,0.32186769111418523,-0.4099218243977499
2024-08-09,27.866644619075423,1.1283932751371662e-05,0.3289159812728811,-0.421358982770581
2024-08-10,29.62160422832306,0.0006970558457702171,0.3359642714315769,-0.4327961411434121
2024-08-11,29.92999951214587,0.13211997410225895,0.3434102976507938,-0.4408501310498906
2024-08-12,28.21816242402445,0.0008583068797918258,0.3508563238700107,-0.44890412095636917
2024-08-13,24.141471657983555,0.006285150542514014,0.35830235008922756,-0.45695811086284777
2024-08-14,22.399411555282956,0.039243220372964405,0.3657483763084445,-0.4650121007693263
2024-08-15,26.56611676786392,0.0,0.37319440252766134,-0.47306609067580485
2024-08-16,27.522739095906296,0.0009253279803675132,0.3655903980567901,-0.4637891503452658
2024-08-17,29.07856605762747,0.0,0.3579863935859189,-0.45451221001472675
2024-08-18,29.813112523901584,0.0008583068833445395,0.35038238911504765,-0.44523526968418775
2024-08-19,27.560023851855743,0.0,0.3427783846441764,-0.4359583293536487
2024-08-20,27.111380034973337,0.0009227818890297504,0.3351743801733052,-0.42668138902310965
2024-08-21,27.152040299083158,0.5082636141820394,0.327570375702434,-0.4174044486925706
2024-08-22,24.71181503567687,0.009336036271439536,0.3199663712315628,-0.40812750836203154
2024-08-23,25.296637504519428,0.012214611373363937,0.31236236676069157,-0.39885056803149255
2024-08-24,27.454054974660338,0.002251235583356319,0.30475836228982034,-0.3895736277009535
2024-08-25,28.272284712075596,0.12196122679779714,0.2971543578189491,-0.38029668737041444
2024-08-26,26.968120606983003,0.000558509171464061,0.2887092451738335,-0.37204063798764336
2024-08-27,26.91674260729144,0.0003466169342739892,0.2802641325287179,-0.3637845886048723
2024-08-28,25.71589448263934,0.008650999937834861,0.27181901988360224,-0.3555285392221012
2024-08-29,25.823512928115846,0.368387234927645,0.26337390723848664,-0.3472724898393301
2024-08-30,26.321564769016902,0.04125913135878003,0.25492879459337103,-0.33901644045655904
2024-08-31,25.83417422267926,0.07405879378096912,0.2778516032155673,-0.36559675390511065
2024-09-01,25.346658006818558,0.035234330219191874,0.30077441183776354,-0.39217706735366226
2024-09-02,24.9683863030742,0.001655416629272794,0.32369722045995974,-0.4187573808022139
2024-09-03,24.334502913691036,0.002331633558735107,0.346620029082156,-0.4453376942507655
2024-09-04,23.76853283112895,0.0007760660225760828,0.36954283770435226,-0.47191800769931713
2024-09-05,24.553972210289597,0.0,0.37498614450614276,-0.476714004309125
2024-09-06,25.591924513993995,1.1283932751371662e-05,0.38042945130793326,-0.4815100009189328
2024-09-07,26.2759685234866,0.596124843786691,0.38587275810972377,-0.48630599752874065
2024-09-08,23.657258157511716,1.4775760689991082,0.39131606491151427,-0.4911019941385485
2024-09-09,21.166308518038473,0.007609192606172003,0.3967593717133048,-0.49589799074835633
2024-09-10,20.43573378740075,0.015821374750288227,0.3928442626274932,-0.4910408642251096
2024-09-11,18.906390325531728,0.272009709306857,0.3889291535416817,-0.4861837377018629
2024-09-12,21.86908840441526,0.0012242611128455189,0.3850140444558702,-0.4813266111786162
2024-09-13,24.91602989274432,0.002063640144521346,0.3810989353700587,-0.4764694846553695
2024-09-14,25.648110273715524,0.0028706232896850295,0.3771838262842471,-0.47161235813212277
2024-09-15,26.38338154703002,0.5847331537292753,0.37675803260528934,-0.4704146407266825
2024-09-16,25.616997255320488,2.0860955453055268,0.3763322389263315,-0.4692169233212422
2024-09-17,22.650618178001217,1.850039858854454,0.3759064452473737,-0.46801920591580193
2024-09-18,23.44874713305603,0.04362632297833797,0.3754806515684159,-0.46682148851036165
2024-09-19,21.44953596294687,3.98604876524816,0.37505485788945814,-0.46562377110492137
2024-09-20,22.207111752730928,0.627820251949694,0.3746290642105003,-0.4644260536994811
2024-09-21,20.883646986866744,1.3636020985951076,0.3742032705315425,-0.4632283362940408
2024-09-22,20.810613342945214,0.380409309779926,0.3737774768525847,-0.46203061888860053
2024-09-23,19.245572313886296,0.006624229566388319,0.37335168317362694,-0.46083290148316025
2024-09-24,18.568388877266866,0.0028485761913022985,0.3729258894946691,-0.45963518407771997
2024-09-25,20.504002857936275,0.0,0.3725000958157113,-0.4584374666722797
2024-09-26,21.11227889606973,0.004727239827163347,0.3720743021367535,-0.4572397492668394
2024-09-27,19.545248474237603,0.16378744569317666,0.37164850845779573,-0.45604203186139913
2024-09-28,21.025117084998232,0.0009747163088491976,0.3712227147788379,-0.45484431445595885
2024-09-29,24.24841924672215,0.002579789022964192,0.3707969210998801,-0.4536465970505186
2024-09-30,26.044674327355324,0.5965580569512486,0.3734557148978269,-0.45524757955170364
2024-10-01,26.123973765870716,0.0,0.37611450869577373,-0.4568485620528887
2024-10-02,23.57368642404185,0.000852346317969932,0.3787733024937206,-0.4584495445540738
2024-10-03,19.816744046781547,1.8344852700385872,0.3814320962916674,-0.46005052705525884
2024-10-04,20.119480117526106,0.16690853481747606,0.3840908900896142,-0.4616515095564439
2024-10-05,21.240721282764866,0.10504527822021172,0.38674968388756104,-0.463252492057629
2024-10-06,22.960946914439926,0.21376282203701097,0.38940847768550785,-0.46485347455881404
2024-10-07,21.0120099375873,0.239769761798946,0.3920672714834547,-0.4664544570599991
2024-10-08,18.521884448413047,5.871660268010997,0.39472606528140153,-0.4680554395611842
2024-10-09,18.8583543617307,1.0663516648853097,0.39738485907934834,-0.46965642206236924
2024-10-10,18.27640782907115,11.171675517283793,0.40004365287729515,-0.4712574045635543
2024-10-11,20.443584037373107,0.0049768437290492705,0.40270244667524197,-0.47285838706473937
2024-10-12,19.784796355152892,4.304498092818807,0.40536124047318883,-0.47445936956592444
2024-10-13,20.189215679993787,12.34730720598427,0.40802003427113565,-0.4760603520671095
2024-10-14,18.616294810365492,3.8194152916661257,0.41067882806908246,-0.47766133456829457
2024-10-15,17.327536582461473,0.5358379305774018,0.41333762186702927,-0.47926231706947964
2024-10-16,17.44513321505249,8.01107831732191,0.4159964156649761,-0.4808632995706647
2024-10-17,16.193475755298444,3.3991580245604296,0.41865520946292295,-0.48246428207184977
2024-10-18,15.910896561406672,0.0014670021548178344,0.42131400326086976,-0.48406526457303484
2024-10-19,17.355755596791838,0.0025220276647259484,0.4239727970588166,-0.4856662470742199
2024-10-20,18.412303597447863,0.001716613724056515,0.4266315908567634,-0.48726722957540497
2024-10-21,19.590399682430846,0.0008583068797918258,0.4292903846547102,-0.48886821207659004
2024-10-22,19.155443811780632,0.0008523463748133508,0.43194917845265707,-0.4904691945777751
2024-10-23,19.04912863966772,0.0019701837533614604,0.4346079722506039,-0.49207017707896017
2024-10-24,19.171033167171743,0.8945633664336226,0.4372667660485507,-0.49367115958014524
2024-10-25,16.97644895791404,4.010779452610812,0.43665951848373313,-0.4923986043768139
2024-10-26,13.31234433705572,0.14989197553267547,0.4360522709189156,-0.49112604917348246
2024-10-27,10.974683939227662,17.327569663979627,0.435445023354098,-0.4898534939701511
2024-10-28,10.768505285714436,7.030175159905704,0.43483777578928046,-0.4885809387668197
2024-10-29,11.339243132224839,10.969468973975145,0.4342305282244629,-0.4873083835634883
2024-10-30,12.945288147089158,18.854127039436168,0.43362328065964534,-0.48603582836015696
2024-10-31,15.67141345172137,0.630561859553097,0.4330160330948278,-0.48476327315682555
2024-11-01,15.34597889169789,0.20447660028257608,0.4324087855300102,-0.4834907179534942
2024-11-02,15.320164321821778,0.07005959514901948,0.43180153796519266,-0.48221816275016277
2024-11-03,16.643476026112815,0.005742673634008047,0.4311942904003751,-0.4809456075468314
2024-11-04,17.394270698411503,0.0,0.43058704283555754,-0.47967305234350005
2024-11-05,17.38397870439915,0.000852346317969932,0.42997979527074,-0.47840049714016863
2024-11-06,16.922573288585113,0.00224271741974063,0.4293725477059225,-0.4771279419368373
2024-11-07,17.989401111165996,0.0009343687131968876,0.4287653001411049,-0.47585538673350586
2024-11-08,18.25455336437275,0.000852346317969932,0.42815805257628736,-0.4745828315301745
2024-11-09,18.166211966400567,0.0,0.4275508050114698,-0.47331027632684314
2024-11-10,16.53114592088698,0.07963155506909514,0.42694355744665224,-0.4720377211235117
2024-11-11,14.77219457359412,0.0012045825660995436,0.4263363098818347,-0.47076516592018036
2024-11-12,15.176147073643822,0.0016593751106553404,0.4257290623170171,-0.46949261071684895
2024-11-13,13.448013369727688,0.3258752685353609,0.42512181475219957,-0.4682200555135176
2024-11-14,13.85305151902994,0.010967254645066761,0.424514567187382,-0.4669475003101862
2024-11-15,15.160709490788223,0.0004351138045421976,0.42390731962256445,-0.4656749451068548
2024-11-16,18.77155844224928,0.4175726010486023,0.4233000720577469,-0.46440238990352345
2024-11-17,17.94518670429106,0.17055812227816983,0.42269282449292933,-0.46312983470019203
2024-11-18,16.991391539634353,0.00775665717048663,0.42208557692811177,-0.4618572794968607
2024-11-19,16.329973139289713,8.541463759041052,0.44331838356686876,-0.4814185553659047
2024-11-20,15.204359996106518,0.9932969817678438,0.46455119020562574,-0.5009798312349487
2024-11-21,13.206354048051928,0.002392744295668017,0.4857839968443828,-0.5205411071039927
2024-11-22,12.062286290564334,0.013061402403247496,0.5070168034831397,-0.5401023829730368
2024-11-23,12.773552977583812,0.0008642672355563263,0.5282496101218968,-0.5596636588420808
2024-11-24,16.549817754536818,0.0,0.5111303077378694,-0.5441019179601981
2024-11-25,18.278025729540982,0.016658383466391393,0.494011005353842,-0.5285401770783154
2024-11-26,16.967335772332365,0.0,0.4768917029698146,-0.5129784361964327
2024-11-27,17.052426894869843,0.0,0.4597724005857872,-0.49741669531454996
2024-11-28,15.678135281240088,0.0017189909726766928,0.44265309820175985,-0.48185495443266724
2024-11-29,15.874573743980365,0.00601770306820287,0.4504320473953939,-0.4911002705637911
2024-11-30,16.407527187823053,0.07912734992631519,0.45821099658902786,-0.5003455866949149
2024-12-01,15.990364524123047,0.014950395657494642,0.4659899457826619,-0.5095909028260387
2024-12-02,14.787143743189867,0.011734512821486945,0.4737688949762959,-0.5188362189571626
2024-12-03,13.65003008854605,0.0011542370187979602,0.4815478441699299,-0.5280815350882864
2024-12-04,12.633738353234234,1.0014490771612263,0.4837901383748357,-0.5314945415220279
2024-12-05,12.551115117546274,0.1048966888002266,0.4860324325797415,-0.5349075479557696
2024-12-06,12.561135804076859,0.001716613724056515,0.4882747267846473,-0.5383205543895111
2024-12-07,13.499006636330833,0.0055862290941746775,0.4905170209895531,-0.5417335608232527
2024-12-08,11.862029460489634,0.7051567084916674,0.49275931519445887,-0.5451465672569943
2024-12-09,8.410862660104721,0.25659495897295137,0.49500160939936466,-0.5485595736907358
2024-12-10,7.449716270000299,0.000852346317969932,0.49724390360427045,-0.5519725801244775
2024-12-11,6.108664287926298,0.8063191675957835,0.4994861978091762,-0.555385586558219
2024-12-12,7.737582085878829,0.7150778365295111,0.501728492014082,-0.5587985929919607
2024-12-13,8.563248837691855,0.07518043044869227,0.5039707862189878,-0.5622115994257022
2024-12-14,10.028648121181057,0.0032829873434959763,0.5062130804238936,-0.5656246058594437
2024-12-15,11.822515901172457,0.004103893542107736,0.5084553746287994,-0.5690376122931854
2024-12-16,11.590359407769549,0.0004261732051702438,0.5106976688337052,-0.5724506187269269
2024-12-17,12.238238785527775,0.0008596848033448623,0.512939963038611,-0.5758636251606686
2024-12-18,13.851795690599625,0.0012898295267405047,0.5151822572435167,-0.5792766315944101
2024-12-19,13.955405699751783,0.0030389657718301838,0.515760415714072,-0.5758410546557516
2024-12-20,12.194738027946348,1.807616639683265,0.5163385741846273,-0.5724054777170932
2024-12-21,11.741427702576159,1.1775948164117245,0.5169167326551826,-0.5689699007784347
2024-12-22,13.211991279543817,0.0025653009426348542,0.5174948911257378,-0.5655343238397762
2024-12-23,11.784500681171007,0.0,0.5180730495962931,-0.5620987469011177
